name,cost,specs,review,rating,image
"REDMI 9i Sport (Metallic Blue, 64 GB)","₹8,999","['4 GB RAM | 64 GB ROM | Expandable Upto 512 GB', '16.59 cm (6.53 inch) HD+ Display', '13MP Rear Camera | 5MP Front Camera', '5000 mAh Li-Polymer Battery', 'MediaTek Helio G25 Processor', 'Brand Warranty of 1 Year Available for Mobile and 6 Months for Accessories']","2,383 Reviews","49,486 Ratings",https://rukminim1.flixcart.com/image/312/312/ku04o7k0/mobile/x/x/t/9i-sport-mzb0a10in-redmi-original-imag785rwf3q8sft.jpeg?q=70
"REDMI 9i Sport (Coral Green, 64 GB)","₹8,999","['4 GB RAM | 64 GB ROM | Expandable Upto 512 GB', '16.59 cm (6.53 inch) HD+ Display', '13MP Rear Camera | 5MP Front Camera', '5000 mAh Li-Polymer Battery', 'MediaTek Helio G25 Processor', 'Brand Warranty of 1 Year Available for Mobile and 6 Months for Accessories']","2,383 Reviews","49,486 Ratings",https://rukminim1.flixcart.com/image/312/312/ku04o7k0/mobile/m/w/p/9i-sport-mzb0a0yin-redmi-original-imag785ryfspqg3a.jpeg?q=70
"REDMI 9i Sport (Carbon Black, 64 GB)","₹8,999","['4 GB RAM | 64 GB ROM | Expandable Upto 512 GB', '16.59 cm (6.53 inch) HD+ Display', '13MP Rear Camera | 5MP Front Camera', '5000 mAh Li-Polymer Battery', 'MediaTek Helio G25 Processor', 'Brand Warranty of 1 Year Available for Mobile and 6 Months for Accessories']","2,383 Reviews","49,486 Ratings",https://rukminim1.flixcart.com/image/312/312/ku04o7k0/mobile/p/8/u/9i-sport-mzb0a5iin-redmi-original-imag785qegs5ghyy.jpeg?q=70
"REDMI 9i (Sea Blue, 64 GB)","₹8,999","['4 GB RAM | 64 GB ROM | Expandable Upto 512 GB', '16.59 cm (6.53 inch) HD+ Display', '13MP Rear Camera | 5MP Front Camera', '5000 mAh Lithium Polymer Battery', 'MediaTek Helio G25 Processor', 'Brand Warranty of 1 Year Available for Mobile and 6 Months for Accessories']","32,293 Reviews","5,44,501 Ratings",https://rukminim1.flixcart.com/image/312/312/kesv0y80/mobile/b/y/9/redmi-9i-mzb0815in-original-imafvehwghyuphbc.jpeg?q=70
"REDMI 9i (Midnight Black, 64 GB)","₹8,999","['4 GB RAM | 64 GB ROM | Expandable Upto 512 GB', '16.59 cm (6.53 inch) HD+ Display', '13MP Rear Camera | 5MP Front Camera', '5000 mAh Lithium Polymer Battery', 'MediaTek Helio G25 Processor', 'Brand Warranty of 1 Year Available for Mobile and 6 Months for Accessories']","32,293 Reviews","5,44,501 Ratings",https://rukminim1.flixcart.com/image/312/312/kesv0y80/mobile/h/p/q/redmi-9i-mzb0814in-original-imafvehkgzghyqtp.jpeg?q=70
"REDMI Note 10S (Deep Sea Blue, 128 GB)","₹18,499","['8 GB RAM | 128 GB ROM | Expandable Upto 512 GB', '16.33 cm (6.43 inch) Full HD+ Display', '64MP + 8MP + 2MP + 2MP | 13MP Front Camera', '5000 mAh Lithium-Ploymer Battery', 'Mediatek Helio G95 Processor', '1 Year Manufacturer Warranty for Phone and 6 Months Warranty for In the Box Accessories']",58 Reviews,849 Ratings,https://rukminim1.flixcart.com/image/312/312/kyeqjrk0/mobile/y/u/t/-original-imagan9qzdf2hbgy.jpeg?q=70
"REDMI Note 10S (Shadow Black, 128 GB)","₹18,499","['8 GB RAM | 128 GB ROM | Expandable Upto 512 GB', '16.33 cm (6.43 inch) Full HD+ Display', '64MP + 8MP + 2MP + 2MP | 13MP Front Camera', '5000 mAh Lithium-Ploymer Battery', 'Mediatek Helio G95 Processor', '1 Year Manufacturer Warranty for Phone and 6 Months Warranty for In the Box Accessories']",58 Reviews,849 Ratings,https://rukminim1.flixcart.com/image/312/312/kyeqjrk0/mobile/u/0/8/-original-imagan9qhw9nyhce.jpeg?q=70
"REDMI 9i (Nature Green, 64 GB)","₹8,999","['4 GB RAM | 64 GB ROM | Expandable Upto 512 GB', '16.59 cm (6.53 inch) HD+ Display', '13MP Rear Camera | 5MP Front Camera', '5000 mAh Lithium Polymer Battery', 'MediaTek Helio G25 Processor', 'Brand Warranty of 1 Year Available for Mobile and 6 Months for Accessories']","32,293 Reviews","5,44,501 Ratings",https://rukminim1.flixcart.com/image/312/312/kesv0y80/mobile/u/h/m/redmi-9i-mzb0818in-original-imafveh4xva2fes2.jpeg?q=70
"REDMI NOTE 10 LITE (Glacier White, 64 GB)","₹14,999","['4 GB RAM | 64 GB ROM', '16.94 cm (6.67 inch) Display', '48MP Rear Camera', '5020 mAh Battery', '1 Year Manufacturer Warranty']",88 Reviews,"1,246 Ratings",https://rukminim1.flixcart.com/image/312/312/kv1a4cw0/mobile/t/v/3/note-10-lite-2109106a1i-redmi-original-imag8yuh2gpuxfha.jpeg?q=70
"REDMI NOTE 10 LITE (Aurora Blue, 128 GB)","₹17,070","['6 GB RAM | 128 GB ROM', '16.94 cm (6.67 inch) Display', '48MP Rear Camera', '5020 mAh Battery', '1 Year Manufacturer Warranty']",25 Reviews,341 Ratings,https://rukminim1.flixcart.com/image/312/312/kv1a4cw0/mobile/3/r/p/note-10-lite-2109106a1i-redmi-original-imag8yvazxeycrjd.jpeg?q=70
"REDMI Note 10 Lite (Interstellar Black, 128 GB)","₹15,730","['4 GB RAM | 128 GB ROM', '16.94 cm (6.67 inch) Display', '48MP Rear Camera', '5020 mAh Battery', '1 Year Manufacturer Warranty']",88 Reviews,"1,246 Ratings",https://rukminim1.flixcart.com/image/312/312/kumzpu80/mobile/q/w/o/note-10-lite-2109106a1i-redmi-original-imag7pvdpw5kzwrb.jpeg?q=70
"REDMI Note 10S (Deep Sea Blue, 64 GB)","₹15,999","['6 GB RAM | 64 GB ROM | Expandable Upto 512 GB', '16.33 cm (6.43 inch) Full HD+ Display', '64MP + 8MP + 2MP + 2MP | 13MP Front Camera', '5000 mAh Lithium-Ploymer Battery', 'Mediatek Helio G95 Processor', '1 Year Manufacturer Warranty for Phone and 6 Months Warranty for In the Box Accessories']",710 Reviews,"9,842 Ratings",https://rukminim1.flixcart.com/image/312/312/kyeqjrk0/mobile/y/u/t/-original-imagan9qzdf2hbgy.jpeg?q=70
"REDMI Note 10S (Frost White, 128 GB)","₹18,205","['8 GB RAM | 128 GB ROM', '16.33 cm (6.43 inch) Full HD+ Display', '64MP + 8MP + 2MP + 2MP | 13MP Front Camera', '5000 mAh Battery', 'MediaTek Helio G95 Processor', '1 Year Manufacturer Warranty for Device and 6 Months Manufacturer Warranty for In-box Accessories']",58 Reviews,849 Ratings,https://rukminim1.flixcart.com/image/312/312/koudfgw0/mobile/d/5/k/note-10s-note-10s-redmi-original-imag37ehhthffv7j.jpeg?q=70
"REDMI 10 Prime (Bifrost Blue, 64 GB)","₹14,409","['4 GB RAM | 64 GB ROM | Expandable Upto 512 GB', '16.51 cm (6.5 inch) Full HD Display', '50MP + 8MP + 2MP + 2MP | 8MP Front Camera', '6000 mAh Battery', 'Helio G88 Processor', '1 Year Manufacturer Warranty for Handset and 6 Months Warranty for In the Box Accessories']",237 Reviews,"3,186 Ratings",https://rukminim1.flixcart.com/image/312/312/ktbu6q80/mobile/v/p/i/10-prime-10-redmi-original-imag6pb4qf7yxgrg.jpeg?q=70
"REDMI 10 Prime (Astral White, 64 GB)","₹14,470","['4 GB RAM | 64 GB ROM | Expandable Upto 512 GB', '16.51 cm (6.5 inch) Full HD Display', '50MP + 8MP + 2MP + 2MP | 8MP Front Camera', '6000 mAh Battery', 'Helio G88 Processor', '1 Year Manufacturer Warranty for Handset and 6 Months Warranty for In the Box Accessories']",237 Reviews,"3,186 Ratings",https://rukminim1.flixcart.com/image/312/312/ktbu6q80/mobile/x/e/t/10-prime-10-redmi-original-imag6paxhggdnsjz.jpeg?q=70
"REDMI 9 Activ (Coral Green, 64 GB)","₹10,475","['4 GB RAM | 64 GB ROM', '16.51 cm (6.5 inch) Display', '13MP Rear Camera', '5000 mAh Battery', 'Brand Warranty of 1 Year Available for Mobile and 6 Months for Accessories']",83 Reviews,"1,328 Ratings",https://rukminim1.flixcart.com/image/312/312/kua4r680/mobile/x/x/k/9-activ-m2006c3mii-redmi-original-imag7fng7kfzcfzz.jpeg?q=70
"REDMI NOTE 10 LITE (Aurora Blue, 64 GB)","₹14,697","['4 GB RAM | 64 GB ROM', '16.94 cm (6.67 inch) Display', '48MP Rear Camera', '5020 mAh Battery', '1 Year Manufacturer Warranty']",88 Reviews,"1,246 Ratings",https://rukminim1.flixcart.com/image/312/312/kv1a4cw0/mobile/3/r/p/note-10-lite-2109106a1i-redmi-original-imag8yvazxeycrjd.jpeg?q=70
"REDMI NOTE 10 LITE (Champagne Gold, 128 GB)","₹17,998","['6 GB RAM | 128 GB ROM', '16.94 cm (6.67 inch) Display', '48MP Rear Camera', '5020 mAh Battery', '1 Year Manufacturer Warranty']",25 Reviews,341 Ratings,https://rukminim1.flixcart.com/image/312/312/kv1a4cw0/mobile/d/f/x/note-10-lite-2109106a1i-redmi-original-imag8yv4dzqyenwt.jpeg?q=70
"REDMI Note 10 Pro (Dark Nebula, 128 GB)","₹19,734","['6 GB RAM | 128 GB ROM', '16.89 cm (6.65 inch) Display', '64MP Rear Camera', '5020 mAh Battery', '1 Year Manufacturer Warranty']",322 Reviews,"3,781 Ratings",https://rukminim1.flixcart.com/image/312/312/ktlu9ow0/mobile/u/w/a/note-10-pro-m2101k6p-redmi-original-imag6wqvmtpqwjud.jpeg?q=70
"REDMI 10 Prime (Astral White, 128 GB)","₹16,990","['6 GB RAM | 128 GB ROM | Expandable Upto 512 GB', '16.51 cm (6.5 inch) Full HD Display', '50MP + 8MP + 2MP + 2MP | 8MP Front Camera', '6000 mAh Battery', 'Helio G88 Processor', '1 Year Manufacturer Warranty for Handset and 6 Months Warranty for In the Box Accessories']",152 Reviews,"2,047 Ratings",https://rukminim1.flixcart.com/image/312/312/ktbu6q80/mobile/x/e/t/10-prime-10-redmi-original-imag6paxhggdnsjz.jpeg?q=70
"REDMI 10 Prime (Phantom Black, 64 GB)","₹13,999","['4 GB RAM | 64 GB ROM | Expandable Upto 512 GB', '16.51 cm (6.5 inch) Full HD Display', '50MP + 8MP + 2MP + 2MP | 8MP Front Camera', '6000 mAh Battery', 'Helio G88 Processor', '1 Year Manufacturer Warranty for Handset and 6 Months Warranty for In the Box Accessories']",237 Reviews,"3,186 Ratings",https://rukminim1.flixcart.com/image/312/312/ktbu6q80/mobile/s/j/e/10-prime-10-redmi-original-imag6pbabybzmrhn.jpeg?q=70
"REDMI Note 10 Pro (Vintage Bronze, 128 GB)","₹20,475","['8 GB RAM | 128 GB ROM', '16.94 cm (6.67 inch) Display', '64MP Rear Camera', '5020 mAh Battery', '1 year manufacturer warranty for device and 6 months manufacturer warranty for in-box accessories including batteries from the date of purchase']",155 Reviews,"2,040 Ratings",https://rukminim1.flixcart.com/image/312/312/kmgn0cw0/mobile/i/q/y/note-10-pro-1153-redmi-original-imagfdfxkvjsf9ga.jpeg?q=70
"REDMI Note 10 Pro (Glacial Blue, 128 GB)","₹19,600","['6 GB RAM | 128 GB ROM', '16.94 cm (6.67 inch) Display', '64MP Rear Camera', '5020 mAh Battery', '1 year manufacturer warranty for device and 6 months manufacturer warranty for in-box accessories including batteries from the date of purchase']",322 Reviews,"3,781 Ratings",https://rukminim1.flixcart.com/image/312/312/kmgn0cw0/mobile/m/t/r/note-10-pro-1155-redmi-original-imagfdfxhv7w82ht.jpeg?q=70
"REDMI Note 10 Pro (Vintage Bronze, 128 GB)","₹18,668","['6 GB RAM | 128 GB ROM | Expandable Upto 512 GB', '16.94 cm (6.67 inch) Full HD+ Display', '64MP + 8MP + 5MP + 2MP | 16MP Front Camera', '5020 mAh Li-Polymer Battery', 'Qualcomm Snapdragon 732G Processor', '1 Year Manufacturer Warranty for Device and 6 Months Manufacturer Warranty for In-box Accessories Including Batteries from the Date of Purchase']",322 Reviews,"3,781 Ratings",https://rukminim1.flixcart.com/image/312/312/kmccosw0/mobile/g/j/z/note-10-pro-m2010j19ds-redmi-original-imagf9zu7fymtz5k.jpeg?q=70
